<?xml version="1.0" encoding="UTF-8"?>
<manifest identifier="cybersecurity-privacy-training" version="1.0"
          xmlns="http://www.imsproject.org/xsd/imscp_rootv1p1p2"
          xmlns:adlcp="http://www.adlnet.org/xsd/adlcp_rootv1p2"
          xmlns:xsi="http://www.w3.org/2001/XMLSchema-instance"
          xsi:schemaLocation="http://www.imsproject.org/xsd/imscp_rootv1p1p2 imscp_rootv1p1p2.xsd
                              http://www.imsglobal.org/xsd/imsmd_rootv1p2p1 imsmd_rootv1p2p1.xsd
                              http://www.adlnet.org/xsd/adlcp_rootv1p2 adlcp_rootv1p2.xsd">
  
  <metadata>
    <schema>ADL SCORM</schema>
    <schemaversion>1.2</schemaversion>
  </metadata>
  
  <organizations default="cybersecurity-training-org">
    <organization identifier="cybersecurity-training-org">
      <title>Cybersecurity &amp; Privacy Training</title>
      
      <item identifier="module_combined" identifierref="resource_combined">
        <title>Complete Cybersecurity &amp; Privacy Training</title>
      </item>
    </organization>
  </organizations>
  
  <resources>
    <resource identifier="resource_combined" type="webcontent" adlcp:scormtype="sco" href="cybersecurity-privacy-training-combined.html">
      <file href="cybersecurity-privacy-training-combined.html"/>
      <file href="phishing-smishing-vishing-training/enhanced-interactive-training.html"/>
      <file href="ceo-executive-fraud-training/enhanced-interactive-training.html"/>
      <file href="watering-hole-attacks-training/enhanced-interactive-training.html"/>
      <file href="general-cybersecurity-training/enhanced-interactive-training.html"/>
      <file href="privacy-awareness-training/enhanced-interactive-training.html"/>
      <file href="secure-coding-training/enhanced-interactive-training.html"/>
    </resource>
  </resources>
</manifest>